<application>
  <component name="SonarLintGlobalSettings">
    <option name="rulesByKey">
      <map>
        <entry key="java:S116">
          <value>
            <Rule key="java:S116">
              <params>
                <param key="format" value="^[_a-z][a-zA-Z0-9]*$" />
              </params>
            </Rule>
          </value>
        </entry>
        <entry key="java:S120">
          <value>
            <Rule active="false" key="java:S120" />
          </value>
        </entry>
        <entry key="java:S3008">
          <value>
            <Rule key="java:S3008">
              <params>
                <param key="format" value="^[_a-z][a-zA-Z0-9]*$" />
              </params>
            </Rule>
          </value>
        </entry>
      </map>
    </option>
    <rules>
      <Rule key="java:S3008">
        <params>
          <param key="format" value="^[_a-z][a-zA-Z0-9]*$" />
        </params>
      </Rule>
      <Rule active="false" key="java:S120" />
      <Rule key="java:S116">
        <params>
          <param key="format" value="^[_a-z][a-zA-Z0-9]*$" />
        </params>
      </Rule>
    </rules>
  </component>
</application>